<?xml version="1.0" encoding="UTF-8"?>
<project-private xmlns="http://www.netbeans.org/ns/project-private/1">
    <editor-bookmarks xmlns="http://www.netbeans.org/ns/editor-bookmarks/2" lastBookmarkId="0"/>
    <open-files xmlns="http://www.netbeans.org/ns/projectui-open-files/2">
        <group>
            <file>file:/G:/FULL%20NOTES/FullNotesApp/src/DB.java</file>
            <file>file:/G:/FULL%20NOTES/FullNotesApp/src/VoiceRecorder.java</file>
            <file>file:/G:/FULL%20NOTES/FullNotesApp/src/PdfExporter.java</file>
            <file>file:/G:/FULL%20NOTES/FullNotesApp/src/LoginScreen.java</file>
            <file>file:/G:/FULL%20NOTES/FullNotesApp/src/Dashboard.java</file>
            <file>file:/G:/FULL%20NOTES/FullNotesApp/src/NotesPanel.java</file>
            <file>file:/G:/FULL%20NOTES/FullNotesApp/src/AppMain.java</file>
        </group>
    </open-files>
</project-private>
